id,firstname,lastname,email,email2,profession
100,Dominga,Lorenz,Dominga.Lorenz@yopmail.com,Dominga.Lorenz@gmail.com,firefighter
101,Orsola,Blake,Orsola.Blake@yopmail.com,Orsola.Blake@gmail.com,worker
102,Elyssa,Gale,Elyssa.Gale@yopmail.com,Elyssa.Gale@gmail.com,developer
103,Tiffie,Han,Tiffie.Han@yopmail.com,Tiffie.Han@gmail.com,firefighter
104,Jillayne,Serilda,Jillayne.Serilda@yopmail.com,Jillayne.Serilda@gmail.com,police officer